Primary_Name,Galaxy,Magnitude,RA_deg,DEC_deg,Angular_Size,Distance from Earth (Mpc),Distance_Modulus,Aliases
Draco II,Draco II,15.87,238.1983,64.5653,,0.0214927577194,16.661460715307193,"['Draco II', 'Dra II', 'Laevens 4']"
Tuc III,Tucana III,15.5,359.15,-59.6,,0.0229031241318,16.799473634550893,"['[DBR2015] DES J2356-5935', 'Tucana III', 'Tuc III']"
Segue 1,Segue 1,13.8,151.7633,16.0736,,0.02299510455,16.8081769424324,"['Segue 1', 'Segue I']"
Hydrus I,Hydrus I,12.49,37.389,-79.3089,,0.02759412546,17.204083172670526,"['Hydrus 1', 'Hydrus I', 'Hyi I']"
UMa II Galaxy,Ursa Major II Dwarf,14.3,132.875,63.13,,0.030046936612,17.389001003936375,"['UMa II Galaxy', 'Ursa Major II Galaxy', 'Ursa Major II Dwarf']"
Tri II,Triangulum II,15.6,33.3225,36.17844,,0.030046936612,17.389001003936375,"['Laevens 2/Triangulum II', 'Lae 2/Tri II', 'Tri II', 'Triangulum II', 'Laevens 2']"
Reticulum II,Reticulum II,14.4,53.9254,-54.0492,,0.031273342188,17.475871484283488,"['[BDB2015] DES J0335.6-5403', 'Reticulum II', 'Ret II']"
Pic II,Pictor II,15.1,101.18,-59.897,,0.045070404918,18.269457299214785,"['Pic II', 'Pictor II', 'MagLiteS J0644-5953']"
Tuc IV,Tucana IV,14.9,0.73,-60.85,,0.048136418858,18.412368887520067,"['[DBR2015] DES J0002-6051', 'Tucana IV', 'Tuc IV']"
Tuc II,Tucana II,15.0,342.9796,-58.5689,,0.057027859284,18.780435346563483,"['[BDB2015] DES J2251.2-5836', 'Tucana II', 'Tuc II']"
Bootes Dwarf Spheroidal Galaxy,Boötes I,13.1,210.0,14.5,26.233299255371097,0.060400474618,18.905201756281865,"['Bootes dSph Galaxy', 'Bootes Satellite', 'Bootes Dwarf Galaxy', 'Bootes Dwarf Spheroidal Galaxy', 'Bootes I', 'Boo dSph']"
Eridanus IV,Eridanus IV,14.72,76.438,-9.515,,0.0766503485,19.422570668834087,"['Eri IV', 'Eridanus IV']"
Horologium II,Horologium II,16.9,49.1338,-50.0181,,0.077876754076,19.45703920857359,"['Horologium II', 'Hor II']"
Pegasus IV,Pegasus IV,15.52,328.539,26.62,,0.090140809836,19.774607277534688,['Pegasus IV']
Reticulum III,Reticulum III,16.51,56.36,-60.45,,0.0919804182,19.818476899072213,"['[DBR2015] DES J0345-6026', 'Reticulum III', 'Ret III']"
Bootes V Dwarf Galaxy,Boötes V,16.84,213.9108,32.9111,0.0010657019447535,0.102098264202,20.0450917930055,"['Bootes V', 'DELVE J1415+3254', 'Bootes V Dwarf Galaxy']"
Aquarius 2,Aquarius II,15.8,338.4813,-9.3274,10.199999809265137,0.1078930305486,20.16496695964986,"['Aquarius 2', 'Aquarius II']"
Grus I,Grus I,17.0,344.1765,-50.1633,,0.119881145054,20.393754412453234,['Grus I']
Pisces II,Pisces II,17.03,344.6292,5.9525,,0.183041032218,21.312742281120745,"['Psc II', 'Pisces II']"
Col I,Columba I,17.11,82.86,-28.03,,0.183041032218,21.312742281120745,"['[DBR2015] DES J0531-2801', 'Columba I', 'Col I']"
Bootes IV,Boötes IV,17.07,233.689,43.726,15.199999809265137,0.209102150708,21.601792498756296,"['HSCS J153445+434300', 'Bootes IV']"
Pegasus III,Pegasus III,17.5,336.0942,5.42,3.0,0.214927577194,21.661460715307193,"['Pegasus III', 'Peg III']"
Leo T,Leo T Dwarf,16.0,143.7225,17.0514,,0.4139118819,23.084539467948932,"['AGC 198305', 'Leo T', 'LEDA 4713564', 'Leo T Dwarf', 'Leo T dSph']"
NGC 185,NGC 185,9.99,9.74141667751,48.33750996518,11.479999542236328,0.6285328577,23.991639930752672,"['Gaia DR3 390508257732742144', 'IRAS 00362+4803', 'LEDA 2329', 'MCG+08-02-010', 'NGC 185', 'UGC 396', 'Z 550-9', '[M98c] 003612.0+480350', '2MASX J00385796+4820145', '[CHM2007] LDC 31 J003857.96+4820145', 'Z 0036.2+4803', '[VV2003c] J003857.4+482014', '[VV2006] J003857.4+482014', 'UZC J003857.7+482014', '[VV2010] J003857.4+482014', 'TYC 3253-693-1']"
Andromeda II,Andromeda II,11.7,19.1242,33.4192,10.359000205993652,0.6806550946800001,24.164635497727097,"['And II', 'LEDA 4601', 'Andromeda II', '[KK98a] 12', '[KK98a] 011341.9+330920']"
Andromeda XVII,Andromeda XVII,16.6,9.2792,44.3222,,0.7269519051740001,24.30752839536484,"['And XVII', 'LEDA 4608690', 'Andromeda XVII']"
Andromeda XXV,Andromeda XXV,15.3,7.5371,46.8519,,0.736149946994,24.33483142575904,"['And XXV', 'Andromeda XXV', 'LEDA 5057228']"
Andromeda XX,Andromeda XX,18.0,1.87792,35.13233,,0.741055569298,24.34925387751215,"['And XX', 'LEDA 5056920', 'Andromeda XX']"
Andromeda XXIII,Andromeda XXIII,14.6,22.3408,38.7189,,0.7481074013600001,24.369819757167548,"['And XXIII', 'Andromeda XXIII', 'LEDA 5057226']"
Andromeda III,Andromeda III,14.4,8.8908,36.4978,4.21999979019165,0.7511734153000001,24.378701047296563,"['And III', 'Anon 0032+36', 'LEDA 2121', 'Andromeda III', '[KK98a] 5', '[KK98a] 003252.7+361321']"
Andromeda XXVI,Andromeda XXVI,18.5,5.94,47.9161,,0.7539328278460001,24.386663269167485,"['And XXVI', 'Andromeda XXVI', 'LEDA 5057229']"
Andromeda XV,Andromeda XV,16.0,18.5779,38.1175,1.9390000104904177,0.7603714571200001,24.405129029604986,"['And XV', 'Andromeda XV', 'LEDA 5056926']"
Andromeda V,Andromeda V,16.67,17.5713,47.6281,2.7739999294281006,0.7726355128800001,24.43987332938162,"['And V', 'Andromeda V', 'LEDA 3097824']"
M 31,Andromeda,4.17,10.684708,41.26875,199.52999877929688,0.7781543379720001,24.45532871426733,"['SRGA J004241.1+411603', 'PLX 124.00', 'PPM 43228', 'HD 3969', 'BD+40 148', 'AG+40 60', 'PLX 124', '2C 56', 'DA 21', 'GIN 801', 'IRAS F00400+4059', 'IRAS 00400+4059', 'IRC +40013', 'K79 1C', 'LEDA 2557', 'M 31', 'MCG+07-02-016', 'Andromeda', 'Andromeda Galaxy', 'NGC 224', 'RAFGL 104', 'UGC 454', 'XSS J00425+4102', 'Z 535-17', 'Z 0040.0+4100', '[DGW65] 4', '2MASX J00424433+4116074', '[M98c] 004000.1+405943', '[VV2000c] J004244.3+411610', '[VV2003c] J004244.3+411610', '[VV2006] J004244.3+411610', '[VV98c] J004245.1+411622', 'UZC J004244.3+411608', '[VV2010] J004244.3+411610', 'And Nebula', 'Andromeda Nebula', '2MAXI J0043+412', '3FGL J0042.5+4117', '2FGL J0042.5+4114', '4FGL J0043.2+4114']"
Andromeda I,Andromeda I,12.7,11.4158,38.0411,5.920000076293945,0.80022963834,24.516073162165306,"['And I', 'Anon 0043+37', 'LEDA 2666', 'Andromeda I', '[KK98a] 8', '[KK98a] 004256.2+374551']"
Andromeda XXVIII,Andromeda XXVIII,15.85,338.17167,31.21617,,0.81096068713,24.544999007329924,"['And XXVIII', 'Andromeda XXVIII']"
Andromeda XXIX,Andromeda XXIX,16.09,359.7317,30.7556,,0.8290501693760002,24.59290406182189,"['And XXIX', 'Andromeda XXIX']"
Andromeda X,Andromeda X,16.1,16.64042,44.80439,,0.8891440426,24.74486061496868,"['And X', 'LEDA 5056921', 'Andromeda X']"
Andromeda XXIV,Andromeda XXIV,16.3,19.625,46.3661,,0.898035483026,24.766467483881893,"['And XXIV', 'LEDA 5057227', 'Andromeda XXIV']"
Andromeda XII,Andromeda XII,17.7,11.8625,34.3747,,0.928082419638,24.837932730256764,"['And XII', 'Andromeda XII', 'LEDA 5056924']"
NGC 3109,NGC 3109,10.39,150.778654,-26.159572,18.200000762939453,1.330036847172,25.61931836386477,"['HIPASS J1003-26a', 'DDO 236', 'ESO-LV 499-0360', 'ESO 499-36', 'GLXY G262.1+23.1+389', 'LEDA 29128', 'MCG-04-24-013', 'NGC 3109', 'SGC 100049-2555.0', 'SPB 126', 'UGCA 194', '[M98c] 100049.0-255500', '[MI94] Sm 46', '[VDD93] 105', '2MASX J10030687-2609344']"
Antlia B,Antlia B,15.95,147.23367,-25.99,,1.3490461336,25.65013400790484,"['Antlia B', 'Antlia B Dwarf Galaxy']"
Tucana B,Tucana B,18.85,341.75208,-58.4075,0.3336666524410248,1.39810235664,25.727694838796076,"['SMDG J2247005-582429', 'Tucana B']"
Cas 1,Cassiopeia 1,14.62,31.5329,69.01,,1.5912612348600002,26.00870741471619,"['Anon 0202+6846', 'LEDA 100169', 'Cas 1', 'Cassiopeia 1', 'ZOAG G129.57+07.11', '[KK98a] 19', '[M98c] 020205.0+684618', '[KK98a] 020202.4+684557']"
Leo P,Leo P,16.89,155.438013,18.088024,,1.6188553603200002,26.04604023814296,"['SDSSCGB 11269.1', 'SDSS J102145.12+180516.8', 'AGC 208583', 'Leo P']"
IC 5152,IC 5152,11.06,330.673004,-51.296444,5.814410209655762,1.74149591792,26.204612304028995,"['LVHIS 078', 'HIPASS J2202-51', '2MASX J22024152-5117471', 'AM 2159-513', 'ESO 237-27', 'ESO-LV 237-0270', 'GLXY G343.9-50.2+120', 'IC 5152', 'IRAS 21594-5132', 'LEDA 67908', '[MI94] Sm 108', '[VDD93] 238', '6dFGS gJ220241.5-511747', 'SGC 215926-5132.3', '[M98c] 215925.9-513218', 'PSCz P21594-5132']"
NGC 300,NGC 300,8.95,13.72269401596,-37.68421344511,20.88999938964844,1.86107046158,26.34881408085019,"['LVHIS 005', 'Gaia DR3 5001350950743544192', 'HIPASS J0054-37', 'AM 0052-375', 'ESO 295-20', 'ESO-LV 295-0200', 'IRAS 00525-3757', 'LEDA 3238', 'MCG-06-03-005', 'NGC 300', 'SPB 17', '[M98c] 005232.0-375712', '[VDD93] 3', '2MASX J00545347-3741037', '6dFGS gJ005453.4-374104', '6dFGS gJ005454.9-374107', 'SGC 005232-3757.2', '[CHM2007] LDC 26 J005453.47-3741037', 'Gaia DR2 5001350950743544192']"
ESO 410-5,ESO 410-G005,14.85,3.88004,-32.18053,1.047320008277893,1.904914460922,26.39937739353947,"['6dFGS gJ001531.2-321050', 'LVHIS 003', '2dFGRS TGS437Z292', 'AM 0013-322', 'APMBGC 410+115+127', 'ESO 410-5', 'ESO-LV 410-0050', 'LEDA 1038', '[FG85] 11', '[KK98a] 001300.0-322736', '[KK98a] 3', '[MDS99] F410-021', '[MDS99] F350-014', '[RP95] 410-02', 'SGC 001300-3227.6', 'UKS 0013-32.4', 'HIPASS J0015-32']"
ESO 294-10,ESO 294-010,15.6,6.63905,-41.8553,1.010990023612976,1.9499848658400003,26.45015620371597,"['AM 0024-420', 'APMBGC 294+018+109', 'ESO 294-10', 'ESO-LV 294-0100', 'LEDA 1641', '[FG85] 14', 'SGC 002406-4207.8']"
NGC 55,NGC 55,8.84,3.723342,-39.196628,32.36000061035156,1.99904108888,26.5041086041335,"['LVHIS 004', 'GLEAM J001456-391221', 'PKS J0015-3912', 'HIPASS J0015-39', 'DUGRS 293-001', 'PMN J0014-3912', 'APMBGC 293-132-031', 'ESO 293-50', 'ESO-LV 293-0500', 'IRAS F00124-3929', 'IRAS 00125-3928', 'LEDA 1014', 'MCG-07-01-013', 'NGC 55', 'SB 968', 'SPB 2', '[M98c] 001238.0-392954', '[MI94] Sm 3', '[VDD93] 1', '2MASX J00145360-3911478', '[KS86] G0012-3930', 'SGC 001238-3929.9', '[CHM2007] LDC 26 J001453.60-3911478', 'PSCz Q00125-3928', 'SUMSS J001458-391226', 'NVSS J001458-391227', '[CAB95] IRAS F00124-3929']"
IC 3104,IC 3104,13.63,184.69192,-79.72607,2.819999933242798,2.2688503156000004,26.77902922412878,"['LVHIS 038', 'AM 1215-793', 'ESO 20-4', 'ESO-LV 20-0040', 'GLXY G301.5-16.9+420', 'HIPASS J1219-79', 'IC 3104', 'LEDA 39573', '[FG85] 330', 'SGC 121545-7926.9', 'UKS 1215-79.4']"
ESO 6-1,ESO 6-1,14.75,124.84224774896,-85.14324821912,0.3030000030994415,2.701158281140001,27.15775016753414,"['Gaia DR3 5193250158247078656', '2MASX J08192222-8508357', 'AM 0827-845', 'ESO 6-1', 'ESO-LV 6-0010', 'LEDA 23344', '[KK98a] 082717.0-845857', '[KK98a] 68', 'SGC 082717-8458.9', 'Gaia DR2 5193250158247078656']"
Cas 2,Dwingeloo 1,19.8,44.21514973175,58.91170468878,,2.7992707272200006,27.235224513145397,"['Gaia DR3 461393905520031232', 'Dwingeloo 138.5-00.1', 'Dwingeloo 1', 'IRAS 02530+5843', 'LEDA 100170', 'Cas 2', 'ZOAG G138.52-00.11', 'ZOAG G138.52+00.11', '[KK98a] 23', '[M98c] 025301.0+584242', '2MASX J02565165+5854416', '[CHM2007] LDC 264 J025651.65+5854416', '[CHM2007] HDC 173 J025651.65+5854416', '[KK98a] 025301.1+584237', 'Gaia DR2 461393905520031232']"
LEDA 41920,KDG 162,17.3,188.7567,58.3853,0.4699999988079071,2.7992707272200006,27.235224513145397,"['K68 162', 'LEDA 41920', '[KK98a] 153', '[KK98a] 123244.4+583945']"
NGC 4190,NGC 4190,13.5,183.436521,36.634025,1.679460048675537,2.81766681086,27.249448182404457,"['SDSS J121344.76+363802.4', '2MFGC 9626', '2MASX J12134415+3637525', '2MASXI J1213447+363802', '2E 2617', 'BTS 102', 'IRAS F12112+3654', 'KUG 1211+369', 'LEDA 39023', 'MCG+06-27-030', 'NGC 4190', 'TC 197', 'UGC 7232', 'VV 104', 'Z 187-24', '[ATZ98] D080', '[MI94] Im 90', 'LCSB L499', '1E 1211.2+3654', '1RXS J121345.2+363754', '2E 1211.2+3654', 'RX J1213.7+3637', 'UZC J121344.5+363806', 'Z 1211.2+3655', '[M98c] 121113.6+365440', '[TSA98] J121345.10+363743.23', '[ZEH2003] RX J1213.7+3637 1']"
UGCA 86,UGCA 86,13.5,59.95125,67.1385,1.7999999523162842,2.9801655496800006,27.371201950105274,"['[HVG99b] A0355+6659', 'Anon 0355+66', 'BK85 20', 'HIJASS J0400+67', 'IRAS 03547+6657', 'LEDA 14241', 'SPB 56', 'UGCA 86', 'ZW VII 9', '[M98c] 035500.0+665900', '[VDD93] 36', 'ZOAG G139.76+10.65', 'PSCz P03547+6657']"
NGC 1560,NGC 1560,12.16,68.204529,71.883111,9.550000190734863,2.9893635915,27.377893703966585,"['2MFGC 3701', 'FGCA 71A', 'IC 2062', 'IRAS 04271+7146', 'LEDA 15488', 'MCG+12-05-005', 'NGC 1560', 'SPB 62', 'TC 478', 'UGC 3060', 'Z 328-6', '[VDD93] 40', '2MASX J04324908+7152591', '[CHM2007] LDC 264 J043249.08+7152591', '[CHM2007] HDC 296 J043249.08+7152591', 'Z 0427.1+7147', '[M98c] 042708.2+714629', 'UZC J043249.5+715256', 'PSCz Q04271+7146']"
LEDA 101304,Dwingeloo 2,20.5,43.53529,59.00531,,3.0046936612000006,27.389001003936375,"['Dwingeloo 2', 'LEDA 101304']"
LBN 659,Maffei 1,11.4,39.14777595118,59.65486305794,,3.0046936612000006,27.389001003936375,"['Gaia DR3 465045662816213248', '2E 595', 'Anon 0232+59', 'GSC 03699-02055', 'IRAS 02329+5926', 'IRCO 3729', 'LBN 659', 'LBN 135.91-00.56', 'LEDA 9892', 'Maffei 1', 'SH 2-191', 'SPB 32', 'UGCA 34', 'Weinberger 19', 'ZOAG G135.83-00.57', 'ZOAG G135.86-00.55', 'ZOAG G135.87-00.55', '[VDD93] 19', '2MASX J02363546+5939165', '[CHM2007] LDC 264 J023635.46+5939165', '2E 0232.8+5926', '[CHM2007] HDC 173 J023635.46+5939165']"
UGCA 39,Maffei 2,14.77,40.47955,59.604092,,3.005000262594,27.3892225714494,"['WISEA J024155.05+593616.1', 'Anon 0238+59', 'Dwingeloo 136.5-00.3', 'LEDA 10217', 'Maffei 2', 'SH 2-197', 'SPB 35', 'UGCA 39', 'Weinberger 21', 'ZOAG G136.50-00.33', 'ZOAG G136.51-00.33', 'ZOAG G136.50+00.33', '[KSP2003] G136.4978-00.3253', '[VDD93] 20', '2MASX J02415509+5936147', '[CHM2007] LDC 264 J024155.09+5936147', '[CHM2007] HDC 173 J024155.09+5936147', '[KSP2003] J024154.84+593616.6', '[M98c] 023807.9+592324', 'WISE J024155.07+593616.4', 'AKARI-IRC-V1 J0241548+593615', 'AKARI-FIS-V1 J0241537+593632', 'MSX6C G136.4978-00.3252']"
NGC 2403,NGC 2403,8.93,114.21390893095,65.6026807849,10.154000282287598,3.0414858284800004,27.415428986244795,"['Gaia DR3 1089775662767390080', '2E 1830', 'IRAS 07321+6543', 'IRAS 07320+6543', 'IRAS F07320+6543', 'K73 197', 'LEDA 21396', 'MCG+11-10-007', 'NGC 2403', 'SPB 86', 'TC 696', 'UGC 3918', 'Z 0732.0+6543', 'Z 309-40', 'Z 310-3', '[DRM99] 5-17', '[VDD93] 65', '2MASX J07365139+6536091', '[CHM2007] LDC 842 J073651.39+6536091', '2E 0732.1+6542', '[M98c] 073205.5+654240', 'UZC J073651.7+653613', 'PSCz Q07321+6543']"
NGC 404,NGC 404,11.21,17.36259,35.71813,6.0,3.0813440097000004,27.44370093425644,"['2MASX J01092707+3543046', 'EQ 0106+354', 'IRAS 01066+3527', 'IRAS F01066+3527', 'LEDA 4126', 'MCG+06-03-018', 'NGC 404', 'UGC 718', 'Z 520-20', '[VDD93] 5', '[VV98c] J010927.0+354303', '[FWB89] Galaxy 26', 'Z 0106.7+3527', '[VV2000c] J010927.1+354305', '[VV2003c] J010927.1+354305', '[VV2006c] J010927.1+354305', 'UZC J010927.2+354304', 'PSCz Q01066+3527', '[VV2010c] J010927.1+354305']"
NGC 3741,NGC 3741,14.3,174.023974,45.284155,1.0088499784469604,3.1304002327400005,27.47799933590845,"['BTS 35', 'MCG+08-21-068', 'NGC 3741', 'SPB 158', 'UGC 6572', 'Z 242-57', '[MI94] Im 80', 'Z 1133.4+4534', 'UZC J113606.1+451705', 'CASG 1441', 'LEDA 35878', 'SDSS J113605.75+451702.9']"
LEDA 3994669,HIPASS J1247-77,17.0,191.8880526,-77.5830869,,3.161060372140001,27.49916395189148,"['LVHIS 041', 'HIPASS J1247-77', 'LEDA 3994669']"
NGC 2366,NGC 2366,11.43,112.2185538,69.2107941,6.665030002593994,3.1886544976000004,27.518037321967803,"['DDO 42', 'IRAS 07233+6917', 'IRAS F07234+6917', 'KPG 133b', 'LEDA 21102', 'MCG+12-07-040', 'NGC 2366', 'SPB 82', 'TC 87', 'UGC 3851', 'Z 330-38', '[MI94] Im 39', '[VDD93] 63', 'Z 0723.6+6918', '[M98c] 072336.5+691900', 'UZC J072853.7+691254', 'PSCz Q07233+6917']"
UGC 8833,UGC 8833,16.5,208.7033809,35.8354931,0.7775729894638062,3.19172051154,27.520124273026585,"['LEDA 49452', 'MCG+06-31-023', 'TC 294', 'UGC 8833', '[MI94] Im 140']"
UGC 4483,UGC 4483,15.2,129.2625,69.77528,1.0499999523162842,3.2101165951800006,27.53260403386811,"['HIJASS J0836+69', 'IRAS F08320+6957', 'KUG 0832+699', 'LEDA 24213', 'MCG+12-08-048', 'SBSG 0832+699', 'SPB 95', 'TC 106', 'UGC 4483', 'Z 331-51', '[B93] 4', '[LSK86] 73', '[M98c] 083207.0+695716', '[MI94] Im 50', 'Z 0832.1+6958', 'UZC J083703.0+694631']"
UGCA 92,UGCA 92,13.0,68.0159858,63.6142342,2.140000104904175,3.219314637,27.53881712082359,"['EGB 8', 'EGB 0427+63', 'IRAS 04275+6330', 'LEDA 15439', 'SPB 63', 'TC 479', 'UGCA 92', '[VDD93] 41']"
IC 342,IC 342,9.37,56.702142,68.096106,21.8799991607666,3.2806349158,27.579789513899943,"['[HSN2016] J056.70+68.09', 'WISE J034648.35+680546.5', '2E 848', '2E 0342.0+6756', 'DW 0341+67', 'IC 342', 'IRAS F03419+6756', 'IRAS 03419+6756', 'LEDA 13826', 'MCG+11-05-003', 'TC 668', 'UGC 2847', 'Z 0342.0+6757', 'Z 305-2', 'ZOAG G138.17+10.58', '[VDD93] 33', '2MASX J03464851+6805459', '[CHM2007] LDC 264 J034648.51+6805459', '[CHM2007] HDC 296 J034648.51+6805459', '[M98c] 034158.6+675626', 'UZC J034648.9+680546', 'PSCz Q03419+6756']"
UGCA 105,UGCA 105,13.9,78.56385035277,62.57999025129,0.8299999833106995,3.3910114176400006,27.6516462603173,"['Gaia DR3 285918141855877504', 'AGC 150027', '2MASX J05141534+6234479', 'IRAS 05096+6231', 'LEDA 16957', 'UGCA 105', 'Z 283-4', '[MI94] Im 32', '[VDD93] 45', 'Z 0509.6+6231', '[CHM2007] HDC 296 J051415.34+6234479', '[CHM2007] LDC 264 J051415.34+6234479', 'UZC J051414.3+623435', 'Gaia DR2 285918141855877504']"
NGC 5102,NGC 5102,10.35,200.49004201348,-36.6301097656,9.550000190734863,3.40020945946,27.6575283562197,"['LVHIS 046', '[QPD2020] G132157.5-363748', 'Gaia DR3 6165703218750983296', 'HIPASS J1321-36', 'AM 1319-362', 'ESO 382-50', 'ESO-LV 382-0500', 'GLXY G309.7+25.8+463', 'IRAS F13191-3622', 'IRAS 13191-3622', 'ISOSS J13219-3637', 'LEDA 46674', 'MCG-06-29-031', 'NGC 5102', '[M98c] 131907.0-362206', '[SLK2004] 830', '[VDD93] 183', 'NVSS J132158-363754', '2MASX J13215765-3637487', '[FWB89] Galaxy 344', '6dFGS gJ132157.6-363748', 'FLASH J132157.78-363747.2', 'SGC 131907-3622.2', '[CHM2007] HDC 813 J132157.65-3637487', '[CHM2007] LDC 993 J132157.65-3637487', 'PSCz Q13191-3622', 'Gaia DR2 6165703218750983296']"
NGC 5237,NGC 5237,13.23,204.412733,-42.846917,1.0269999504089355,3.40020945946,27.6575283562197,"['LVHIS 055', 'HIPASS J1337-42', 'AM 1334-423', 'ESO 270-22', 'ESO-LV 270-0220', 'GLXY G311.9+19.2+361', 'LEDA 48139', 'MCG-07-28-005', 'NGC 5237', 'RR95 253b', 'SPB 227', '2MASX J13373905-4250488', '[CHM2007] HDC 790 J133739.05-4250488', '6dFGS gJ133739.1-425049', 'SGC 133440-4235.6', '[CHM2007] LDC 993 J133739.05-4250488']"
ESO 325-11,ESO 325-11,13.99,206.2543868,-41.8627758,2.75,3.40020945946,27.6575283562197,"['LVHIS 060', 'AM 1342-413', 'HIPASS J1345-41', 'ESO 325-11', 'ESO-LV 325-0110', 'IRAS 13419-4135', 'IRAS 13420-4136', 'LEDA 48738', '[FG85] 406', '[MI94] Im 137', 'SGC 134201-4136.5', 'UKS 1342-41.6', 'PSCz Q13419-4135']"
NGC 247,NGC 247,9.9,11.785642,-20.7604,17.01889991760254,3.4032754734000004,27.659485519407188,"['ESO 540-22', 'ESO-LV 540-0220', 'GLXY G113.8-83.5+144', 'IRAS 00446-2101', 'IRAS F00446-2101', 'KUG 0044-210', 'LEDA 2758', 'MCG-04-03-005', 'NGC 247', 'UGCA 11', '[M98c] 004440.0-210200', '2MASX J00470855-2045374', 'KOS SP4 1', '[CHM2007] LDC 26 J004708.55-2045374', '6dFGS gJ004708.5-204537', 'KOS 004439.6-210200']"
ESO 540-32,ESO 540-032,16.55,12.6021,-19.9064,0.8299999833106995,3.4186055431000004,27.6692449623948,"['ESO 540-32', 'ESO-LV 540-0320', 'LEDA 2933', '[FG85] 24', '[KK98a] 004756.0-201044', '[KK98a] 10']"
Sculptor Dwarf Galaxy,"Sculptor Galaxy 
(NGC 253)",8.0,15.0392,-33.7089,15.26669979095459,3.4952558916000003,27.717394882156263,"['Anon 0057-33', 'ESO 351-30', 'ESO-LV 351-0300', 'GLXY G290.6-82.8+95', 'GLXY G286.3-83.5+91', 'IRAS F00574-3400', 'LEDA 3589', 'MCG-06-03-015', 'Sculptor de', 'Sculptor dSph', 'Scl dSph', '[FG85] 28', 'SGC 005747-3358.7', 'Scl Galaxy', 'Sculptor Galaxy', 'Scl Dwarf Galaxy', 'Sculptor Dwarf Galaxy', 'Sculptor Dwarf Elliptical Gal', 'Sculptor Dwarf Spheroidal', 'Sculptor Dwarf Elliptical']"
M 82,Messier 82,9.3,148.968458,69.679703,,3.5013879194800004,27.721201145023045,"['RFC J0955+6940', 'FL8Y J0955.7+6940', 'PCCS1 030 G141.43+40.58', '2MFGC 7685', 'S4 0951+699', '1AXG J095549+6940', '1Jy 0951+69', '1Jy 0951+699', '2E 2197', '3C 231.0', '3C 231', '3CR 231', '4C 69.12', '4U 1004+70', 'APG 337', 'BWE 0951+6954', 'DA 277', 'GB6 B0951+6955', 'HIJASS J0955+69B', 'INTREF 396', 'IRAS F09517+6954', 'IRAS 09517+6954', 'KPG 218b', 'LEDA 28655', 'M 82', 'MCG+12-10-011', 'UMa A', 'NGC 3034', 'NRAO 341', 'NVSS J095551+694046', 'PRC D-13', 'QSO B0951+699', 'RAFGL 1388', 'RBS 809', 'RX J095550+69406', 'S4 0951+69', 'UGC 5322', 'UT 0951+699', 'WB 0951+6954', 'Z 333-8', '[B93] 14', '[DML87] 745', '[DSL2000] 0951+700', '[R97] NGC 3031 1', '[RPS97] NGC 3034 2', '[SPS97] 8', '[VDD93] 100', '[WZX98] 09517+6954', '2MASX J09555243+6940469', '1E 0951+69.8', '1ES 0951+69.9', '1RXS J095550.4+694052', '2E 0951.7+6955', '87GB 095143.5+695452', 'CXOM82 J095549.7+694043', 'RGB J0955.9+6940', 'RX J0955.8+6940', 'WN B0951.7+6954', 'WN B0951.7+6954A', 'Z 0951.7+6955', '[CHM2007] HDC 552 J095552.43+6940469', '[CHM2007] LDC 842 J095552.43+6940469', '[M98c] 095145.3+695511', '[TSA98] J095541.25+693927.31', '[ZEH2003] RX J0955.8+6940 1', 'UZC J095557.0+694110', 'PSCz Q09517+6954', '1FGL J0956.5+6938', 'PBC J0955.7+6941', 'PLCKERC -100 G141.42+40.57', 'JVAS J0955+6940', '[BAG2012] 148.9211+69.6846', '2FGL J0955.9+6936', 'SDSS J095551.73+694048.6', 'WMAP J0955+6940', '6C 095143+695502', '7C 095143.50+695500.00', '8C 0951+699', 'RGB J0955+696', '[CAB95] IRAS F09517+6954', 'VLSS J0955.8+6940', '[NKB95] N3034', 'Cigar Galaxy', '3FGL J0955.4+6940', 'SWIFT J0956.1+6942', 'TeV J0955+696', '3FHL J0955.8+6939', '9Y-MST J0955+6939', '4FGL J0955.7+6940']"
NGC 5253,NGC 5253,10.9,204.983292,-31.640031,2.1470000743865967,3.52898204494,27.738247243622855,"['[QPD2020] G133955.9-313832', 'HIPASS J1339-31a', 'SINGG HIPASS J1339-31a', 'PMN J1339-3138', '6dFGS gJ133956.0-313824', 'NVSS J133955-313827', 'AM 1337-312', 'CSI-31-13371', 'ESO 445-4', 'ESO-LV 445-0040', 'FAUST 3862', 'GLXY G314.9+30.1+411', 'HIDEEP J1339-3138', 'IRAS 13370-3123', 'IRAS F13370-3123', 'ISOSS J13399-3138', 'KOS NP5 1', 'KOS 133737.0+283911', 'LEDA 48334', 'MCG-05-32-060', 'NGC 5253', 'QDOT B1337045-312314', 'SCHG 1337-313', 'SPB 229', 'UGCA 369', '[BBW2000] FM 58', '[DAM86] 120', '[DML87] 325', '[DSB94] 59', '[H56] 10', '[M98c] 133705.0-312330', '[R84] A1-377', '[SLK2004] 879', '[VV2006c] J133956.0-313824', '2MASX J13395599-3138241', 'JCMTSE J133956.0-313830', 'JCMTSF J133956.0-313830', 'SGC 133705-3123.5', '[CHM2007] HDC 813 J133955.99-3138241', '[CHM2007] LDC 993 J133955.99-3138241', '[VV2000c] J133955.8-313835', '[VV2003c] J133955.8-313835', '[VV98c] J133955.8-313835', 'PSCz Q13370-3123', '[VV2010c] J133956.0-313824', 'SUMSS J133955-313827']"
NGC 2976,NGC 2976,10.82,146.814408,67.916381,4.0526299476623535,3.5596421843400003,27.75703172416677,"['BWE 0943+6808', 'HIJASS J0947+67', 'IRAS 09431+6809', 'IRAS F09431+6809', 'KUG 0943+681', 'LEDA 28120', 'MCG+11-12-025', 'NGC 2976', 'SPB 108', 'TC 516', 'UGC 5221', 'Z 312-23', '[B93] 9', '[M98c] 094310.0+680843', '[MI94] Sm 42', '[VDD93] 95', '2MASX J09471545+6754589', 'GB6 B0943+6809', '2MASXI J0947167+675449', '[CHM2007] LDC 842 J094715.45+6754589', '87GB 094307.5+680848', 'Z 0943.1+6809', '[CHM2007] HDC 552 J094715.45+6754589', 'UZC J094715.3+675500', 'PSCz Q09431+6809', 'SDSS J094715.30+675500.1']"
LEDA 28731,KDG 61,14.93,149.2612,68.5917,1.906999945640564,3.58110428192,27.770084839355803,"['Anon 0951+68', 'HIJASS J0957+68', 'K68 61', 'LEDA 28731', 'Mailyan 47', '[B93] 16', '[KK98a] 81', '[KK98a] 095300.8+684947']"
NGC 4945,NGC 4945,9.3,196.363663,-49.4679,20.420000076293945,3.5872363098,27.77379993420471,"['[HSN2016] J196.36-49.46', 'SRGA J130526.0-492816', 'FL8Y J1305.4-4928', 'LVHIS 043', 'SPASS J130526-492822', 'TGSSADR J130527.7-492803', 'HIPASS J1305-49', '2MFGC 10410', 'SWIFT J1305.4-4928', '[KRL2007b] 133', 'PMN J1305-4928', '1RXS J130528.0-492758', 'ESO 219-24', 'ESO-LV 219-0240', 'GLXY G305.2+13.3+455', 'INTREF 541', 'IRAS F13025-4912', 'IRAS 13025-4911', 'LEDA 45279', 'MOST 1302-492', 'MRC 1302-492', 'MRC 1302-491', 'MSH 13-4-01', 'NGC 4945', 'PKS 1302-49', 'PKS 1302-492', 'PKS J1305-4928', 'RX J130526-49289', 'XSS J13073-4926', '[DML87] 666', '[HB91] 1302-491', '[M98c] 130231.0-491212', '[VDD93] 177', '2MASX J13052727-4928044', 'WMAP J1305-4928', '6dFGS gJ130527.3-492805', 'RX J1305.4-4928', 'SGC 130231-4912.2', '[CHM2007] HDC 790 J130527.27-4928044', '[CHM2007] LDC 993 J130527.27-4928044', '[VV2000c] J130527.6-492803', '[VV2003c] J130527.6-492803', '[VV2006c] J130527.6-492803', '[VV98c] J130527.6-492803', 'PSCz Q13025-4911', 'WMAP J1305-4930', 'PBC J1305.4-4928', '1FGL J1305.4-4928', '[VV2010c] J130527.6-492803', 'SWIFT J1305.2-4928', 'AT20G J130527-492804', 'SUMSS J130527-492805', '2XMM J130527.3-492804', '[MEM2008] 174', 'AT20G J130527.4-492804', '2FGL J1305.8-4925', 'WMAP J1305-4934', 'SUMSS J130527-492806', '3FGL J1305.4-4926', '3XMM J130527.4-492804', '3FHL J1305.4-4927', '4FGL J1305.4-4928']"
NGC 6789,NGC 6789,13.76,289.171537,63.973306,1.342419981956482,3.5995003655600004,27.78121111003188,"['HKK L147', 'LEDA 63000', 'MCG+11-23-001', 'NGC 6789', 'UGC 11425', 'VV 414', 'Z 323-11', '[KK98a] 191617.0+635254', '[KK98a] 245', '2MASX J19164116+6358238', 'Z 1916.3+6354', 'UZC J191641.9+635818', 'SDSS J191641.39+635817.8']"
M 81,Messier 81,6.94,148.88821939854,69.06529514038,21.3799991607666,3.5995003655600004,27.78121111003188,"['RFC J0955+6903', 'TGSSADR J095533.1+690354', 'Gaia DR3 1070470609404512512', 'HD 85534', 'BD+69 543', '[LB2005] NGC 3031 X1', '2E 2195', 'HIJASS J0955+69A', 'IERS B0951+693', 'IRAS F09514+6918', 'IRAS 09514+6918', 'K79 28A', 'KPG 218a', 'LEDA 28630', 'M 81', 'MCG+12-10-010', 'M 81*', 'NGC 3031', 'RBS 808', 'RORF 0951+693', 'RX J095532+69038', 'SPB 115', 'TC 714', 'Gaia DR1 1070470605109644672', 'UGC 5318', 'Z 333-7', '[B93] 13', '[BAZ94] 3', '[DML87] 630', '[VDD93] 99', '2MASX J09553318+6903549', '1ES 0951+69.3', '1RXP J095532.8+690354', '1RXS J095534.7+690338', '2E 0951.4+6918', 'EXO 0951.3+6917', 'ICRF J095533.1+690355', 'RX J0955.5+6903', 'RX J095533.4+690353', 'Z 0951.4+6918', '[CHM2007] HDC 552 J095533.18+6903549', '[CHM2007] LDC 842 J095533.18+6903549', '[M98c] 095127.6+691813', '[VV2000c] J095533.2+690355', '[VV2003c] J095533.2+690355', '[VV2006] J095533.2+690355', '[VV98c] J095533.2+690355', '[ZEH2003] RX J0955.5+6903 1', 'UZC J095535.5+690352', 'PSCz Q09514+6918', '[VV2010] J095533.2+690355', '87GB 095125.0+691806', 'GB6 B0951+6918', 'NVSS J095533+690355', 'WN B0951.4+6918', '2XMM J095533.1+690355', 'SDSS J095533.16+690355.1', '[BAG2012] 149.0083+69.0811', 'XMMSL1 J095534.3+690350', 'SDSS J095533.14+690355.2', 'BWE 0951+6918', 'RGB J0955+690', '[CAB95] IRAS F09514+6918', '[NKB95] N3031', ""Bode's Galaxy"", 'SWIFT J0955.5+6907', 'SWIFT J0955.9+6905', 'Gaia DR2 1070470609404512512']"
UGC 6451,UGC 6451,15.4,172.1895,79.60083,0.7699869871139526,3.5995003655600004,27.78121111003188,"['LEDA 35264', 'MCG+13-08-061', 'UGC 6451']"
LEDA 29231,BK 5N,17.49,151.1679,68.2556,0.8700000047683716,3.63016050496,27.79962913740841,"['BK 5N', 'K68 5N', 'LEDA 29231', '[B93] 20']"
F8D1,F8D1,15.7,146.1962,67.4386,1.9420000314712524,3.66082064436,27.81789225944065,"['LEDA 3097827', 'F8D1', '[CAD98] F8D1']"
